,session_acc_mean,session_acc_mean,session_acc_mean,session_acc_mean,retention_delta,retention_delta,retention_delta,retention_delta,proficiency_trend,proficiency_trend,proficiency_trend,proficiency_trend,efficiency_index,efficiency_index,efficiency_index,efficiency_index,accuracy,accuracy,accuracy,accuracy,span_days,span_days,span_days,span_days
,mean,median,std,count,mean,median,std,count,mean,median,std,count,mean,median,std,count,mean,median,std,count,mean,median,std,count
cluster_label,,,,,,,,,,,,,,,,,,,,,,,,
0,0.6164269683154983,0.6164269683154983,0.04731811774969714,2,-0.09273359915177035,-0.09273359915177035,0.006592644634395034,2,-0.0003220218417771164,-0.0003220218417771164,0.0004487059887447225,2,0.05736950640373576,0.05736950640373576,0.0002661445023061462,2,0.609971835944376,0.609971835944376,0.027694289528957382,2,116.81169325810185,116.81169325810185,90.71348524434559,2
1,0.37513130252100835,0.37513130252100835,,1,,,,0,-0.0014705882352941122,-0.0014705882352941122,,1,0.05819984943775666,0.05819984943775666,,1,0.4431818181818182,0.4431818181818182,,1,45.41542519675926,45.41542519675926,,1
2,0.6308658937088946,0.6308658937088946,,1,0.01948839662447266,0.01948839662447266,,1,-4.707080892924426e-05,-4.707080892924426e-05,,1,0.06306476667698692,0.06306476667698692,,1,0.6738131699846861,0.6738131699846861,,1,60.47146767361111,60.47146767361111,,1
3,0.5033865472338126,0.5033865472338126,,1,0.016749707892514454,0.016749707892514454,,1,-0.00010414114187699029,-0.00010414114187699029,,1,0.0514752142791774,0.0514752142791774,,1,0.5105633802816901,0.5105633802816901,,1,12.406848703703703,12.406848703703703,,1
