,session_acc_mean,session_acc_mean,session_acc_mean,session_acc_mean,retention_delta,retention_delta,retention_delta,retention_delta,proficiency_trend,proficiency_trend,proficiency_trend,proficiency_trend,efficiency_index,efficiency_index,efficiency_index,efficiency_index,accuracy,accuracy,accuracy,accuracy,span_days,span_days,span_days,span_days
,mean,median,std,count,mean,median,std,count,mean,median,std,count,mean,median,std,count,mean,median,std,count,mean,median,std,count
cluster_label,,,,,,,,,,,,,,,,,,,,,,,,
0,0.5800763097308178,0.5795645934428906,0.021023573514582627,191,0.00021368748936962474,0.009854269293924522,0.08209863711372964,191,-8.807538439454007e-06,6.6906475056328655e-06,0.0001497616106007414,191,0.07635158740333896,0.07632180577732633,0.002748989421585519,191,0.5804119632112211,0.5805991440798859,0.02076435138427796,191,37.79338642651978,37.86020622685185,11.124036616603963,191
1,0.7823663138479452,0.7831818629468471,0.0187958926099342,244,0.0009680508348878186,0.0023940828370354605,0.0677879624748854,244,6.738389290982581e-07,-7.874784083455999e-06,0.0001443045525060962,244,0.09205241453444217,0.09214246257120048,0.002169630469151527,244,0.7822711291672434,0.7830459118069737,0.018277328387870183,244,97.78514598778081,97.03281497685185,25.020135499046727,244
2,0.6289279012914066,0.6284016593395809,0.024699169701899913,154,0.0033564394969249054,-0.002823188523919662,0.0705109028727362,150,-1.3818393771469034e-05,-3.4768289237105445e-06,0.00022598295766036947,154,0.07069667497703816,0.07088764601754009,0.002689770725474308,154,0.6289961561435967,0.628804027711553,0.02379761112596822,154,46.011108478685664,45.099429432870366,19.396276208231107,154
3,0.44958521043929517,0.4498919952596424,0.036886407677206315,211,-0.0026047783811444193,0.0007439492662158764,0.09669032091087541,156,9.015483139444558e-05,6.60892667721973e-07,0.001489785445957205,211,0.047818424338269105,0.047550988090798905,0.003913276677718613,211,0.44947039843986014,0.44755244755244755,0.036498090619574146,211,37.25539478003774,33.8376153587963,21.55747184003671,211
